Никифорова;Весения;Николаевна;94d5ous@gmail.com;uzWC67;1
Сазонов;Руслан;Германович;uth4iz@mail.com;2L6KZG;1
Одинцов;Серафим;Артёмович;yzls62@outlook.com;JlFRCZ;1
Степанов;Михаил;Артёмович;1diph5e@tutanota.com;8ntwUp;2
Ворсин;Петр;Евгеньевич;tjde7c@yahoo.com;YOyhfR;2
Старикова;Елена;Павловна;wpmrc3do@tutanota.com;RSbvHv;2
Михайлюк;Анна;Вячеславовна;5d4zbu@tutanota.com;rwVDh9;3
Ситдикова;Елена;Анатольевна;ptec8ym@yahoo.com;LdNyos;3
Ворсин;Петр;Евгеньевич;1qz4kw@mail.com;gynQMT;3
Старикова;Елена;Павловна;4np6se@mail.com;AtnDjr;3
